date,close
2011-04-18,1000
2011-04-19,981.1004
2011-04-20,984.0403
2011-04-21,980.6804
2011-04-22,978.5804
2011-04-25,978.1604
2011-04-26,975.2205
2011-04-27,974.3805
2011-04-28,981.5204
2011-04-29,978.1604
2011-05-03,984.4603
2011-05-04,978.1604
2011-05-05,969.3406
2011-05-06,953.8009
2011-05-09,957.5809
2011-05-10,960.5208
2011-05-11,971.8606
2011-05-12,984.4603
2011-05-13,1015.9597
2011-05-16,1010.9198
2011-05-17,1004.1999
2011-05-18,996.2201
2011-05-19,994.1201
2011-05-20,997.9
2011-05-23,989.9202
2011-05-24,999.58
2011-05-25,997.4801
2011-05-26,998.74
2011-05-27,995.8001
2011-05-30,993.2801
2011-05-31,992.8601
2011-06-01,990.7602
2011-06-02,982.3604
2011-06-03,976.9005
2011-06-07,979.0004
2011-06-08,976.9005
2011-06-09,973.5405
2011-06-10,970.6006
2011-06-13,974.3805
2011-06-14,980.2604
2011-06-15,975.6405
2011-06-16,968.9206
2011-06-17,968.9206
2011-06-20,958.0008
2011-06-21,963.8807
2011-06-22,960.9408
2011-06-23,973.5405
2011-06-24,966.8207
2011-06-27,969.3406
2011-06-28,967.2407
2011-06-29,964.3007
2011-06-30,969.7606
2011-07-01,964.3007
2011-07-04,972.7006
2011-07-05,972.2806
2011-07-06,983.6203
2011-07-07,970.6006
2011-07-08,968.9206
2011-07-11,967.6607
2011-07-12,964.7207
2011-07-13,970.1806
2011-07-14,968.0806
2011-07-15,967.2407
2011-07-18,968.0806
2011-07-19,968.0806
2011-07-20,965.1407
2011-07-21,960.1008
2011-07-22,960.1008
2011-07-25,960.1008
2011-07-26,961.3608
2011-07-27,959.2608
2011-07-28,959.6808
2011-07-29,959.6808
2011-08-01,959.6808
2011-08-02,959.3569
2011-08-03,960.8166
2011-08-04,970.1551
2011-08-05,962.8614
2011-08-08,955.1747
2011-08-09,946.2743
2011-08-10,948.2971
2011-08-11,954.7701
2011-08-12,956.7929
2011-08-15,951.9382
2011-08-16,940.2058
2011-08-17,934.5419
2011-08-18,923.2141
2011-08-19,911.8864
2011-08-22,907.0316
2011-08-23,871.8346
2011-08-24,884.7806
2011-08-25,896.1084
2011-08-26,895.2993
2011-08-29,893.681
2011-08-30,895.2993
2011-08-31,907.0316
2011-09-01,905.4134
2011-09-02,896.1084
2011-09-05,897.3221
2011-09-06,907.4362
2011-09-07,909.8636
2011-09-08,905.4134
2011-09-09,907.4362
2011-09-13,902.986
2011-09-14,898.9403
2011-09-15,902.1768
2011-09-16,907.4362
2011-09-19,898.1312
2011-09-20,895.2993
2011-09-21,903.3905
2011-09-22,885.9943
2011-09-23,866.1707
2011-09-26,838.6604
2011-09-27,852.011
2011-09-28,844.3242
2011-09-29,818.0276
2011-09-30,824.5006
2011-10-10,827.7371
2011-10-11,830.9736
2011-10-12,834.6147
2011-10-13,833.8056
2011-10-14,832.1873
2011-10-17,815.6002
2011-10-18,803.8679
2011-10-19,801.8451
2011-10-20,764.6252
2011-10-21,776.3576
2011-10-24,793.3492
2011-10-25,796.1812
2011-10-26,796.1812
2011-10-27,797.7994
2011-10-28,801.0359
2011-10-31,792.9447
2011-11-01,790.9219
2011-11-02,787.6853
2011-11-03,782.8306
2011-11-04,795.7766
2011-11-07,793.7538
2011-11-08,800.2268
2011-11-09,800.6314
2011-11-10,787.2808
2011-11-11,824.9052
2011-11-14,820.8596
2011-11-15,824.5006
2011-11-16,815.1957
2011-11-17,818.4322
2011-11-18,812.7683
2011-11-21,806.2953
2011-11-22,805.0816
2011-11-23,798.204
2011-11-24,797.7994
2011-11-25,794.1584
2011-11-28,794.1584
2011-11-29,797.7994
2011-11-30,802.6542
2011-12-01,811.5546
2011-12-02,807.2031
2011-12-05,808.8915
2011-12-06,794.2377
2011-12-07,794.3224
2011-12-08,790.7462
2011-12-09,791.5409
2011-12-12,778.0306
2011-12-13,779.2227
2011-12-14,774.4544
2011-12-15,765.3151
2011-12-16,782.0042
2011-12-19,782.0042
2011-12-20,784.3884
2011-12-21,785.5805
2011-12-22,785.5805
2011-12-23,782.4016
2011-12-26,777.2359
2011-12-27,777.2359
2011-12-28,787.9646
2011-12-29,788.362
2011-12-30,794.7197
2012-01-04,790.7462
2012-01-05,794.3224
2012-01-06,808.23
2012-01-09,807.8326
2012-01-10,809.8194
2012-01-11,820.1508
2012-01-12,820.9455
2012-01-13,811.0115
2012-01-16,812.6009
2012-01-17,820.5481
2012-01-18,820.1508
2012-01-19,823.3297
2012-01-20,822.9323
2012-01-30,829.6874
2012-01-31,832.4689
2012-02-01,826.5085
2012-02-02,827.3033
2012-02-03,828.098
2012-02-06,838.8267
2012-02-07,831.2769
2012-02-08,838.8267
2012-02-09,827.7006
2012-02-10,824.5217
2012-02-13,822.9323
2012-02-14,819.7534
2012-02-15,818.5613
2012-02-16,812.6009
2012-02-17,811.8062
2012-02-20,814.5877
2012-02-21,818.9587
2012-02-22,821.3429
2012-02-23,820.5481
2012-02-24,820.5481
2012-02-27,826.9059
2012-02-28,828.4953
2012-02-29,830.8795
2012-03-01,823.727
2012-03-02,830.4821
2012-03-05,820.9455
2012-03-06,820.1508
2012-03-07,811.8062
2012-03-08,815.7798
2012-03-09,820.9455
2012-03-12,816.1772
2012-03-13,818.9587
2012-03-14,807.4353
2012-03-15,803.0643
2012-03-16,801.8722
2012-03-19,797.5013
2012-03-20,804.2564
2012-03-21,809.8194
2012-03-22,809.8194
2012-03-23,813.3957
2012-03-26,812.2036
2012-03-27,811.4089
2012-03-28,805.4485
2012-03-29,804.6537
2012-03-30,805.0511
2012-04-05,802.6669
2012-04-06,799.7123
2012-04-09,796.2473
2012-04-10,798.1081
2012-04-11,803.7277
2012-04-12,807.5622
2012-04-13,802.1938
2012-04-16,799.1262
2012-04-17,798.3593
2012-04-18,788.7728
2012-04-19,788.0059
2012-04-20,788.3893
2012-04-23,770.7503
2012-04-24,772.2841
2012-04-25,774.2014
2012-04-26,774.5849
2012-04-27,770.3668
2012-05-02,769.2165
2012-05-03,764.615
2012-05-04,766.9157
2012-05-07,765.7653
2012-05-08,754.6451
2012-05-09,756.5623
2012-05-10,759.2466
2012-05-11,755.7954
2012-05-14,729.3368
2012-05-15,727.4195
2012-05-16,716.6827
2012-05-17,722.0511
2012-05-18,716.6827
2012-05-21,722.4346
2012-05-22,722.4346
2012-05-23,712.4647
2012-05-24,714.382
2012-05-25,715.9158
2012-05-28,722.0511
2012-05-29,723.2015
2012-05-30,718.6
2012-05-31,715.9158
2012-06-01,712.8482
2012-06-04,686.773
2012-06-05,692.1414
2012-06-06,696.3595
2012-06-07,694.8256
2012-06-08,684.4723
2012-06-11,690.6076
2012-06-12,672.9685
2012-06-13,669.5174
2012-06-14,664.149
2012-06-15,669.9009
2012-06-18,670.6678
2012-06-19,670.2843
2012-06-20,676.8031
2012-06-21,664.149
2012-06-25,651.1114
2012-06-26,648.4272
2012-06-27,643.8257
2012-06-28,636.54
2012-06-29,639.2242
2012-07-02,658.0137
2012-07-03,663.7655
2012-07-04,671.8182
2012-07-05,679.1039
2012-07-06,675.6527
2012-07-09,666.8332
2012-07-10,664.9159
2012-07-11,661.8483
2012-07-12,682.1715
2012-07-13,683.3219
2012-07-16,662.9986
2012-07-17,650.728
2012-07-18,654.1791
2012-07-19,648.0438
2012-07-20,625.451
2012-07-23,611.9285
2012-07-24,616.7564
2012-07-25,598.5349
2012-07-26,605.4279
2012-07-27,612.7037
2012-07-30,597.3861
2012-07-31,600.0667
2012-08-01,606.5767
2012-08-02,608.8743
2012-08-03,600.4496
2012-08-06,599.3008
2012-08-07,600.8326
2012-08-08,603.8961
2012-08-09,606.9596
2012-08-10,605.8108
2012-08-13,598.152
2012-08-14,579.005
2012-08-15,581.6856
2012-08-16,580.9197
2012-08-17,583.6003
2012-08-20,582.4515
2012-08-21,570.5803
2012-08-22,570.1974
2012-08-23,573.6438
2012-08-24,565.6021
2012-08-27,565.985
2012-08-28,552.9651
2012-08-29,542.6257
2012-08-30,536.4987
2012-08-31,534.584
2012-09-03,529.2228
2012-09-04,510.4588
2012-09-05,496.29
2012-09-06,503.1829
2012-09-07,520.0323
2012-09-10,542.6257
2012-09-11,544.1575
2012-09-12,556.0286
2012-09-13,551.0504
2012-09-14,554.8798
2012-09-17,551.0504
2012-09-18,563.3045
2012-09-19,561.3898
2012-09-20,547.6039
2012-09-21,548.7528
2012-09-24,552.9651
2012-09-25,553.731
2012-09-26,550.6675
2012-09-27,557.5604
2012-09-28,561.0068
2012-10-08,562.5386
2012-10-09,583.9832
2012-10-10,590.4932
2012-10-11,584.7491
2012-10-12,595.4714
2012-10-15,585.515
2012-10-16,593.5567
2012-10-17,600.8326
2012-10-18,606.1937
2012-10-19,595.4714
2012-10-22,602.3643
2012-10-23,589.3444
2012-10-24,593.1738
2012-10-25,597.3861
2012-10-26,596.6202
2012-10-29,588.4555
2012-10-30,588.606
2012-10-31,591.6176
2012-11-01,596.9463
2012-11-02,596.5721
2012-11-05,593.9522
2012-11-06,591.3324
2012-11-07,580.4788
2012-11-08,578.6075
2012-11-09,583.8472
2012-11-12,589.8354
2012-11-13,586.8413
2012-11-14,586.467
2012-11-15,588.7126
2012-11-16,594.3265
2012-11-19,586.0928
2012-11-20,587.5898
2012-11-21,596.1978
2012-11-22,593.9522
2012-11-23,594.3265
2012-11-26,587.9641
2012-11-27,586.8413
2012-11-28,582.3501
2012-11-29,573.7421
2012-11-30,571.8708
2012-12-03,584.2214
2012-12-04,584.97
2012-12-05,593.578
2012-12-06,589.0868
2012-12-07,600.3147
2012-12-10,607.7999
2012-12-11,607.0514
2012-12-12,608.5484
2012-12-13,605.9286
2012-12-14,620.5248
2012-12-17,624.6416
2012-12-18,627.6357
2012-12-19,628.3842
2012-12-20,626.1387
2012-12-21,627.6357
2012-12-24,626.1387
2012-12-25,638.4893
2012-12-26,647.0973
2012-12-27,647.0973
2012-12-28,658.3251
2012-12-31,682.6521
2013-01-04,688.266
2013-01-07,679.658
2013-01-08,686.0204
2013-01-09,678.5352
2013-01-10,677.0382
2013-01-11,659.8222
2013-01-14,683.4006
2013-01-15,676.6639
2013-01-16,668.8044
2013-01-17,680.4065
2013-01-18,697.9968
2013-01-21,697.6225
2013-01-22,700.2424
2013-01-23,703.985
2013-01-24,697.9968
2013-01-25,700.6166
2013-01-28,699.4938
2013-01-29,705.8563
2013-01-30,705.482
2013-01-31,711.8445
2013-02-01,712.593
2013-02-04,718.5812
2013-02-05,715.5871
2013-02-06,714.09
2013-02-07,707.3533
2013-02-08,706.6048
2013-02-18,691.5947
2013-02-19,693.0533
2013-02-20,687.4906
2013-02-21,663.7377
2013-02-22,647.1883
2013-02-25,647.5404
2013-02-26,637.6812
2013-02-27,648.5968
2013-02-28,657.3997
2013-03-01,646.4841
2013-03-04,624.3008
2013-03-05,635.5685
2013-03-06,630.6389
2013-03-07,620.7796
2013-03-08,616.2021
2013-03-11,610.5683
2013-03-12,610.9204
2013-03-13,603.8781
2013-03-14,582.0469
2013-03-15,587.3287
2013-03-18,583.8075
2013-03-19,589.4414
2013-03-20,592.9625
2013-03-21,597.54
2013-03-22,591.2019
2013-03-25,592.6104
2013-03-26,584.5118
2013-03-27,583.8075
2013-03-28,566.5539
2013-03-29,556.6946
2013-04-01,552.8214
2013-04-02,570.7792
2013-04-03,570.075
2013-04-08,575.7089
2013-04-09,573.9483
2013-04-10,567.9623
2013-04-11,562.3285
2013-04-12,563.0327
2013-04-15,545.0748
2013-04-16,546.1312
2013-04-17,537.3283
2013-04-18,538.7367
2013-04-19,545.0748
2013-04-22,535.2156
2013-04-23,525.3563
2013-04-24,534.5113
2013-04-25,533.455
2013-04-26,527.8212
2013-05-02,518.314
2013-05-03,527.1169
2013-05-06,534.1592
2013-05-07,529.5817
2013-05-08,539.7931
2013-05-09,533.8071
2013-05-10,544.3706
2013-05-13,554.934
2013-05-14,554.2298
2013-05-15,533.8071
2013-05-16,533.1029
2013-05-17,546.1312
2013-05-20,547.8917
2013-05-21,550.0044
2013-05-22,553.1735
2013-05-23,544.0185
2013-05-24,546.4833
2013-05-27,533.1029
2013-05-28,533.455
2013-05-29,522.8915
2013-05-30,525.7085
2013-05-31,516.9056
2013-06-03,523.5958
2013-06-04,526.4127
2013-06-05,525.7085
2013-06-06,504.2294
2013-06-07,506.6942
2013-06-13,505.2858
2013-06-14,506.6942
2013-06-17,510.9196
2013-06-18,511.976
2013-06-19,513.7365
2013-06-20,495.7786
2013-06-21,494.3702
2013-06-24,484.5109
2013-06-25,487.6531
2013-06-26,481.094
2013-06-27,486.2446
2013-06-28,488.1479
2013-07-01,488.8235
2013-07-02,488.1479
2013-07-03,481.7293
2013-07-04,486.7966
2013-07-05,488.1479
2013-07-08,481.7293
2013-07-09,481.0537
2013-07-10,489.1613
2013-07-11,494.9042
2013-07-12,487.1344
2013-07-15,483.4184
2013-07-16,484.094
2013-07-17,493.2151
2013-07-18,494.5664
2013-07-19,499.9715
2013-07-22,499.6337
2013-07-23,501.9984
2013-07-24,500.6471
2013-07-25,498.9581
2013-07-26,496.2555
2013-07-29,490.1748
2013-07-30,488.8235
2013-07-31,492.8773
2013-08-01,497.9446
2013-08-02,501.9984
2013-08-05,502.6741
2013-08-06,500.3093
2013-08-07,501.6606
2013-08-08,512.4708
2013-08-09,517.2003
2013-08-12,533.7534
2013-08-13,544.2257
2013-08-14,540.1719
2013-08-15,540.8476
2013-08-16,534.7668
2013-08-19,539.8341
2013-08-20,541.1854
2013-08-21,542.8745
2013-08-22,542.5367
2013-08-23,554.0225
2013-08-26,558.4141
2013-08-27,559.4276
2013-08-28,535.4425
2013-08-29,535.7803
2013-08-30,534.429
2013-09-02,549.9687
2013-09-03,544.9014
2013-09-04,543.5501
2013-09-05,545.2392
2013-09-06,543.8879
2013-09-09,547.2661
2013-09-10,543.5501
2013-09-11,543.5501
2013-09-12,535.1046
2013-09-13,531.7265
2013-09-16,529.0239
2013-09-17,531.0508
2013-09-18,535.4425
2013-09-23,537.8072
2013-09-24,534.429
2013-09-25,537.1316
2013-09-26,535.7803
2013-09-27,530.3752
2013-09-30,521.5919
2013-10-08,525.9835
2013-10-09,526.997
2013-10-10,523.9566
2013-10-11,526.3214
2013-10-14,537.8072
2013-10-15,533.4155
2013-10-16,529.0239
2013-10-17,525.9835
2013-10-18,527.3348
2013-10-21,536.7937
2013-10-22,532.4021
2013-10-23,530.3752
2013-10-24,521.2541
2013-10-25,513.8221
2013-10-28,515.5112
2013-10-29,514.1599
2013-10-30,519.2272
2013-10-31,514.1599
2013-11-01,519.485
2013-11-04,514.8983
2013-11-05,513.5309
2013-11-06,510.8959
2013-11-07,511.8598
2013-11-08,503.5055
2013-11-11,504.7908
2013-11-12,509.9319
2013-11-13,513.1451
2013-11-14,513.4664
2013-11-15,509.2893
2013-11-18,511.8598
2013-11-19,519.8928
2013-11-20,520.5354
2013-11-21,516.3583
2013-11-22,517.9649
2013-11-25,517.0009
2013-11-26,520.5354
2013-11-27,517.9649
2013-11-28,519.5714
2013-11-29,519.2501
2013-12-02,523.4273
2013-12-03,522.142
2013-12-04,525.9978
2013-12-05,521.178
2013-12-06,519.8928
2013-12-09,519.8928
2013-12-10,519.8928
2013-12-11,518.2862
2013-12-12,516.6796
2013-12-13,500.6137
2013-12-16,500.2924
2013-12-17,500.6137
2013-12-18,501.8989
2013-12-19,500.2924
2013-12-20,493.5447
2013-12-23,487.1183
2013-12-24,489.3675
2013-12-25,486.797
2013-12-26,485.1904
2013-12-27,485.1904
2013-12-30,477.8001
2013-12-31,468.4819
2014-01-02,467.1966
2014-01-03,458.1997
2014-01-06,454.9865
2014-01-07,453.3799
2014-01-08,453.0586
2014-01-09,440.8485
2014-01-10,444.0617
2014-01-13,440.8485
2014-01-14,446.9535
2014-01-15,445.9896
2014-01-16,444.7043
2014-01-17,441.8125
2014-01-20,432.4942
2014-01-21,431.209
2014-01-22,430.5663
2014-01-23,435.3861
2014-01-24,440.2059
2014-01-27,436.35
2014-01-28,428.3171
2014-01-29,433.1369
2014-01-30,433.7795
2014-02-07,426.3892
2014-02-10,429.9237
2014-02-11,424.4613
2014-02-12,425.4252
2014-02-13,424.14
2014-02-14,422.8547
2014-02-17,435.0648
2014-02-18,429.281
2014-02-19,432.4942
2014-02-20,428.6384
2014-02-21,426.7105
2014-02-24,410.3233
2014-02-25,410.9659
2014-02-26,412.2512
2014-02-27,412.5725
2014-02-28,409.038
2014-03-03,404.2182
2014-03-04,397.7919
2014-03-05,397.7919
2014-03-06,393.2934
2014-03-07,379.7981
2014-03-10,371.7651
2014-03-11,365.0174
2014-03-12,369.1946
2014-03-13,372.6423
2014-03-14,368.2645
2014-03-17,366.9116
2014-03-18,370.3633
2014-03-19,368.2277
2014-03-20,364.2617
2014-03-21,356.0246
2014-03-24,360.9059
2014-03-25,370.9734
2014-03-26,367.3125
2014-03-27,366.7023
2014-03-28,373.109
2014-03-31,372.1937
2014-04-01,373.7191
2014-04-02,371.8886
2014-04-03,377.075
2014-04-04,385.312
2014-04-08,390.4983
2014-04-09,385.6171
2014-04-10,381.346
2014-04-11,382.2613
2014-04-14,382.5663
2014-04-15,387.4476
2014-04-16,385.0069
2014-04-17,381.346
2014-04-18,365.482
2014-04-21,362.7363
2014-04-22,366.7023
2014-04-23,365.7871
2014-04-24,367.9226
2014-04-25,368.2277
2014-04-28,360.6008
2014-04-29,361.8211
2014-04-30,355.7196
2014-05-05,360.2957
2014-05-06,358.4653
2014-05-07,358.4653
2014-05-08,359.3805
2014-05-09,360.9059
2014-05-12,369.448
2014-05-13,367.0074
2014-05-14,365.7871
2014-05-15,361.8211
2014-05-16,350.2282
2014-05-19,351.1434
2014-05-20,348.7028
2014-05-21,346.8723
2014-05-22,350.2282
2014-05-23,349.9231
2014-05-26,363.0414
2014-05-27,363.0414
2014-05-28,355.1094
2014-05-29,353.8891
2014-05-30,353.584
2014-06-03,351.4485
2014-06-04,352.9739
2014-06-05,359.0754
2014-06-06,359.0754
2014-06-09,357.245
2014-06-10,355.7196
2014-06-11,351.4485
2014-06-12,346.5673
2014-06-13,349.0079
2014-06-16,345.9571
2014-06-17,349.618
2014-06-18,347.7876
2014-06-19,345.652
2014-06-20,349.9231
2014-06-23,347.7876
2014-06-24,348.3977
2014-06-25,348.3977
2014-06-26,352.9739
2014-06-27,347.7876
2014-06-30,343.8216
2014-07-01,344.4317
2014-07-02,345.347
2014-07-03,342.6013
2014-07-04,339.8556
2014-07-07,340.1607
2014-07-08,340.7708
2014-07-09,338.6353
2014-07-10,337.1099
2014-07-11,332.5337
2014-07-14,332.5337
2014-07-15,334.0591
2014-07-16,331.9236
2014-07-17,331.0084
2014-07-18,329.788
2014-07-21,331.9236
2014-07-22,331.6185
2014-07-23,324.6017
2014-07-24,322.1182
2014-07-25,318.8438
2014-07-28,320.8203
2014-07-29,323.1085
2014-07-30,320.2743
2014-07-31,319.7074
2014-08-01,315.1725
2014-08-04,320.5577
2014-08-05,320.8411
2014-08-06,320.8411
2014-08-07,322.8251
2014-08-08,321.9748
2014-08-11,321.1245
2014-08-12,317.1565
2014-08-13,316.3063
2014-08-14,307.8034
2014-08-15,313.1885
2014-08-18,310.9211
2014-08-19,313.1885
2014-08-20,310.3543
2014-08-21,311.2045
2014-08-22,312.6217
2014-08-25,314.8891
2014-08-26,318.0068
2014-08-27,314.6057
2014-08-28,312.6217
2014-08-29,313.472
2014-09-01,309.7874
2014-09-02,316.0228
2014-09-03,310.6377
2014-09-04,309.7874
2014-09-05,307.2365
2014-09-09,301.568
2014-09-10,304.1188
2014-09-11,302.4183
2014-09-12,304.4023
2014-09-15,309.2205
2014-09-16,306.6697
2014-09-17,309.504
2014-09-18,308.0868
2014-09-19,305.2525
2014-09-22,297.3165
2014-09-23,302.1348
2014-09-24,302.7017
2014-09-25,298.1668
2014-09-26,300.7177
2014-09-29,297.3165
2014-09-30,297.6
2014-10-08,299.0171
2014-10-09,308.3703
2014-10-10,305.536
2014-10-13,311.2045
2014-10-14,308.0868
2014-10-15,306.9531
2014-10-16,304.4023
2014-10-17,304.6857
2014-10-20,307.8034
2014-10-21,306.3863
2014-10-22,307.2365
2014-10-23,308.6537
2014-10-24,314.6057
2014-10-27,310.6377
2014-10-28,308.0868
2014-10-29,309.2205
2014-10-30,308.3703
2014-10-31,307.52
2014-11-03,307.52
2014-11-04,302.9851
2014-11-05,300.4343
2014-11-06,301.2845
2014-11-07,302.7017
2014-11-10,304.6857
2014-11-11,302.9851
2014-11-12,303.8354
2014-11-13,302.7017
2014-11-14,301.568
2014-11-17,301.568
2014-11-18,298.4503
2014-11-19,298.4503
2014-11-20,299.0171
2014-11-21,299.3005
2014-11-24,300.1508
2014-11-25,302.4183
2014-11-26,302.4183
2014-11-27,304.3891
2014-11-28,302.0876
2014-12-01,300.413
2014-12-02,300.1802
2014-12-03,301.6359
2014-12-04,302.5094
2014-12-05,301.6359
2014-12-08,299.5978
2014-12-09,300.1802
2014-12-10,301.0536
2014-12-11,301.6359
2014-12-12,303.9652
2014-12-15,303.3829
2014-12-16,301.9271
2014-12-17,298.4332
2014-12-18,300.4713
2014-12-19,304.2563
2014-12-22,296.9775
2014-12-23,290.8632
2014-12-24,294.3571
2014-12-25,292.6101
2014-12-26,293.1925
2014-12-29,293.1925
2014-12-30,305.1298
2014-12-31,300.4713
2015-01-05,300.1802
2015-01-06,306.8767
2015-01-07,307.1679
2015-01-08,309.4971
2015-01-09,307.459
2015-01-12,302.8005
2015-01-13,303.3829
2015-01-14,302.2182
2015-01-15,304.8386
2015-01-16,304.2563
2015-01-19,303.3829
2015-01-20,302.2182
2015-01-21,301.6359
2015-01-22,300.7625
2015-01-23,300.7625
2015-01-26,296.104
2015-01-27,298.1421
2015-01-28,299.0155
2015-01-29,298.4332
2015-01-30,298.4332
2015-02-02,299.0155
2015-02-03,300.1802
2015-02-04,299.3067
2015-02-05,300.1802
2015-02-06,302.5094
2015-02-09,301.0536
2015-02-10,301.3448
2015-02-11,301.6359
2015-02-12,300.7625
2015-02-13,302.8005
2015-02-16,302.5094
2015-02-17,299.5978
2015-02-25,296.6863
2015-02-26,298.7244
2015-02-27,297.2686
2015-03-02,297.8509
2015-03-03,296.9775
2015-03-04,297.2686
2015-03-05,291.1544
2015-03-06,291.4455
2015-03-09,293.1925
2015-03-10,292.319
2015-03-11,292.6101
2015-03-12,292.9013
2015-03-13,293.1925
2015-03-16,291.7367
2015-03-17,289.9898
2015-03-18,286.2047
2015-03-19,285.3313
2015-03-20,284.1667
2015-03-23,280.964
2015-03-24,280.964
2015-03-25,277.7613
2015-03-26,275.432
2015-03-27,273.6851
2015-03-30,272.5205
2015-03-31,273.1028
2015-04-01,273.4519
2015-04-02,268.5628
2015-04-03,268.8527
2015-04-07,268.7941
2015-04-08,263.3262
2015-04-09,261.0238
2015-04-10,256.1315
2015-04-13,264.7651
2015-04-14,265.9162
2015-04-15,259.5849
2015-04-16,262.4628
2015-04-17,262.175
2015-04-20,257.1387
2015-04-21,258.8654
2015-04-22,261.8872
2015-04-23,259.5849
2015-04-24,266.9235
2015-04-27,272.3915
2015-04-28,268.3624
2015-04-29,260.7361
2015-04-30,262.8945
2015-05-04,261.7433
2015-05-05,267.9308
2015-05-06,268.938
2015-05-07,265.9162
2015-05-08,268.7941
2015-05-11,267.9308
2015-05-12,263.3262
2015-05-13,262.8945
2015-05-14,261.7433
2015-05-15,263.47
2015-05-18,262.8945
2015-05-19,261.5994
2015-05-20,259.5849
2015-05-21,262.0311
2015-05-22,262.6067
2015-05-25,262.175
2015-05-26,261.7433
2015-05-27,262.7506
2015-05-28,263.1823
2015-05-29,263.47
2015-06-01,265.6285
2015-06-02,266.204
2015-06-03,264.4773
2015-06-04,265.0529
2015-06-05,263.1823
2015-06-08,262.6067
2015-06-09,262.4628
2015-06-10,264.3334
2015-06-11,263.3262
2015-06-12,259.441
2015-06-15,258.4338
2015-06-16,258.5776
2015-06-17,253.6853
2015-06-18,252.8219
2015-06-19,253.8291
2015-06-23,253.5414
2015-06-24,254.2608
2015-06-25,251.5268
2015-06-26,252.3902
2015-06-29,250.0879
2015-06-30,249.8001
2015-07-01,251.5268
2015-07-02,252.678
2015-07-03,253.8291
2015-07-06,245.1955
2015-07-07,243.3249
2015-07-08,234.8351
2015-07-09,238.4325
2015-07-10,233.1084
2015-07-13,233.684
2015-07-14,232.5328
2015-07-15,231.2378
2015-07-16,232.3889
2015-07-17,233.1084
2015-07-20,236.1302
2015-07-21,233.3962
2015-07-22,231.3817
2015-07-23,231.2378
2015-07-24,230.8061
2015-07-27,232.1011
2015-07-28,233.684
2015-07-29,236.8496
2015-07-30,233.684
2015-07-31,236.9935
2015-08-03,235.5546
2015-08-04,236.7045
2015-08-05,236.5427
2015-08-06,235.8104
2015-08-07,235.7245
2015-08-10,234.115
2015-08-11,237.3341
2015-08-12,243.9185
2015-08-13,241.7237
2015-08-14,241.5774
2015-08-17,237.6267
2015-08-18,235.8708
2015-08-19,236.3098
2015-08-20,235.4319
2015-08-21,235.8708
2015-08-24,227.6768
2015-08-25,228.9937
2015-08-26,228.2621
2015-08-27,231.3349
2015-08-28,234.5539
2015-08-31,230.018
2015-09-01,230.3106
2015-09-02,228.8474
2015-09-07,228.9937
2015-09-08,230.4569
2015-09-09,231.4812
2015-09-10,231.3349
2015-09-11,230.4569
2015-09-14,226.6526
2015-09-15,226.7989
2015-09-16,227.9695
2015-09-17,227.2379
2015-09-18,227.3842
2015-09-21,227.6768
2015-09-22,226.5062
2015-09-23,225.482
2015-09-24,225.3357
2015-09-25,225.7746
2015-09-28,224.1651
2015-09-29,223.4335
2015-09-30,222.2629
2015-10-08,221.5313
2015-10-09,222.9945
2015-10-12,218.8975
2015-10-13,217.1416
2015-10-14,215.8248
2015-10-15,215.8248
2015-10-16,216.1174
2015-10-19,215.6784
2015-10-20,215.3858
2015-10-21,215.8248
2015-10-22,216.5564
2015-10-23,216.9953
2015-10-26,215.9711
2015-10-27,213.191
2015-10-28,212.0204
2015-10-29,211.5814
2015-10-30,212.1667
2015-11-02,209.9719
2015-11-03,209.9719
2015-11-04,208.5087
2015-11-05,207.4844
2015-11-06,208.5087
2015-11-09,208.0697
2015-11-10,208.9476
2015-11-11,207.0454
2015-11-12,205.8749
2015-11-13,206.8991
2015-11-16,206.0212
2015-11-17,206.3138
2015-11-18,206.3138
2015-11-19,197.5345
2015-11-20,198.1198
2015-11-23,199.4367
2015-11-24,203.2411
2015-11-25,205.4359
2015-11-26,206.0212
2015-11-27,201.0114
2015-11-30,201.0442
2015-12-01,201.4387
2015-12-02,203.9341
2015-12-03,201.8064
2015-12-04,200.1697
2015-12-07,201.97
2015-12-08,200.497
2015-12-09,198.8603
2015-12-10,198.533
2015-12-11,199.8423
2015-12-14,201.3154
2015-12-15,201.479
2015-12-16,202.1337
2015-12-17,202.1337
2015-12-18,206.2255
2015-12-21,209.4989
2015-12-22,208.6806
2015-12-23,207.8622
2015-12-24,205.8981
2015-12-25,206.7165
2015-12-28,205.8981
2015-12-29,209.8263
2015-12-30,210.972
2015-12-31,210.4809
2016-01-04,208.1895
2016-01-05,209.4989
2016-01-06,204.7525
2016-01-07,203.2794
2016-01-08,204.2614
2016-01-11,204.0978
2016-01-12,200.497
2016-01-13,201.97
2016-01-14,203.2794
2016-01-15,205.0798
2016-01-18,209.1716
2016-01-19,209.9899
2016-01-20,207.3712
2016-01-21,208.5169
2016-01-22,211.463
2016-01-25,211.1356
2016-01-26,211.954
2016-01-27,213.7544
2016-01-28,210.972
2016-01-29,209.3352
2016-02-01,210.4809
2016-02-02,210.1536
2016-02-03,210.972
2016-02-04,212.6087
2016-02-05,209.9899
2016-02-15,210.1536
2016-02-16,215.0637
2016-02-17,214.0817
2016-02-18,215.3911
2016-02-19,218.6645
2016-02-22,225.866
2016-02-23,226.357
2016-02-24,230.9398
2016-02-25,229.4668
2016-02-26,229.6304
2016-02-29,233.0675
2016-03-01,232.4129
2016-03-02,232.4129
2016-03-03,229.7941
2016-03-04,230.9398
2016-03-07,238.6324
2016-03-08,246.1612
2016-03-09,236.341
2016-03-10,237.9777
2016-03-11,241.0874
2016-03-14,243.8698
2016-03-15,243.5425
2016-03-16,245.5065
2016-03-17,245.5065
2016-03-18,245.5065
2016-03-21,245.5065
2016-03-22,245.5065
2016-03-23,254.9995
2016-03-24,254.9995
2016-03-25,249.4346
2016-03-28,249.4346
2016-03-29,253.8538
2016-03-30,253.8538
2016-03-31,251.3005
2016-04-01,263.2356
2016-04-05,266.8304
2016-04-06,266.342
2016-04-07,266.9932
2016-04-08,266.9932
2016-04-11,266.9932
2016-04-12,298.7393
2016-04-13,266.9932
2016-04-14,298.7393
2016-04-15,298.7393
2016-04-18,306.391
2016-04-19,313.3914
2016-04-20,328.2062
2016-04-21,333.9043
2016-04-22,346.1143
2016-04-25,361.4176
2016-04-26,358.65
2016-04-27,343.9979
2016-04-28,343.9979
2016-04-29,360.4408
2016-05-03,350.5099
2016-05-04,347.7423
2016-05-05,334.3927
2016-05-06,320.3918
2016-05-09,302.6465
2016-05-10,304.7629
2016-05-11,298.2509
2016-05-12,297.4369
2016-05-13,283.2732
2016-05-16,284.2501
2016-05-17,301.0185
2016-05-18,290.7621
2016-05-19,292.5529
2016-05-20,300.0417
2016-05-23,281.1568
2016-05-24,270.0864
2016-05-25,266.342
2016-05-26,274.3192
2016-05-27,276.7612
2016-05-30,276.11
2016-05-31,277.2496
2016-06-01,274.9704
2016-06-02,276.924
2016-06-03,280.0172
2016-06-06,282.1336
2016-06-07,290.1109
2016-06-08,289.1341
2016-06-13,286.0409
2016-06-14,277.4124
2016-06-15,271.5516
2016-06-16,273.9936
2016-06-17,274.6448
2016-06-20,276.5984
2016-06-21,275.9472
2016-06-22,279.6916
2016-06-23,283.7617
2016-06-24,286.6921
2016-06-27,305.5769
2016-06-28,305.2513
2016-06-29,303.4605
2016-06-30,309.9726
2016-07-01,309.1586
2016-07-04,317.1358
2016-07-05,309.647
2016-07-06,305.9025
2016-07-07,308.019
2016-07-08,311.7634
2016-07-11,312.089
2016-07-12,331.7879
2016-07-13,329.5087
2016-07-14,330.1599
2016-07-15,332.7647
2016-07-18,313.3914
2016-07-19,314.8566
2016-07-20,314.0426
2016-07-21,331.4623
2016-07-22,329.1831
2016-07-25,345.4631
2016-07-26,343.3467
2016-07-27,351.4867
2016-07-28,353.9288
2016-07-29,350.0215
2016-08-01,361.092
2016-08-02,368.0983
2016-08-03,367.4766
2016-08-04,362.6566
2016-08-05,375.3876
2016-08-08,395.6654
2016-08-09,387.4224
2016-08-10,387.917
2016-08-11,381.8171
2016-08-12,389.5656
2016-08-15,383.6306
2016-08-16,404.403
2016-08-17,408.5245
2016-08-18,406.5462
2016-08-19,407.5354
2016-08-22,415.2838
2016-08-23,421.0539
2016-08-24,419.5702
2016-08-25,411.9866
2016-08-26,404.5679
2016-08-29,403.4139
2016-08-30,405.0625
2016-08-31,387.4224
2016-09-01,392.8628
2016-09-02,403.4139
2016-09-05,419.7351
2016-09-06,420.0648
2016-09-07,392.2033
2016-09-08,398.468
2016-09-09,390.8845
2016-09-12,376.8713
2016-09-13,372.7498
2016-09-14,372.5849
2016-09-19,380.0037
2016-09-20,390.3899
2016-09-21,402.095
2016-09-22,401.2707
2016-09-23,411.3272
2016-09-26,419.0756
2016-09-27,412.8109
2016-09-28,414.7892
2016-09-29,426.3295
2016-09-30,431.7699
2016-10-10,438.5292
2016-10-11,448.2559
2016-10-12,460.2908
2016-10-13,467.8744
2016-10-14,479.4146
2016-10-17,489.636
2016-10-18,493.7575
2016-10-19,506.6166
2016-10-20,510.5732
2016-10-21,517.0028
2016-10-24,526.0701
2016-10-25,553.9316
2016-10-26,562.1746
2016-10-27,552.283
2016-10-28,579.485
2016-10-31,598.7737
2016-11-01,587.8929
2016-11-02,586.2443
2016-11-03,596.6305
2016-11-04,629.9323
2016-11-07,659.9369
2016-11-08,648.067
2016-11-09,709.8897
2016-11-10,691.2605
2016-11-11,705.2736
2016-11-14,719.7813
2016-11-15,651.8588
2016-11-16,678.2365
2016-11-17,675.269
2016-11-18,662.7396
2016-11-21,666.6962
2016-11-22,719.9462
2016-11-23,712.1977
2016-11-24,698.6792
2016-11-25,706.5925
2016-11-28,725.2217
2016-11-29,687.1389
2016-11-30,685.1606
2016-12-01,689.7767
2016-12-02,678.2105
2016-12-05,689.3223
2016-12-06,687.15
2016-12-07,729.1766
2016-12-08,712.0195
2016-12-09,687.4537
2016-12-12,676.7305
2016-12-13,686.8688
2016-12-14,683.7493
2016-12-15,697.7869
2016-12-16,682.1896
2016-12-19,684.5292
2016-12-20,693.8876
2016-12-21,690.5732
2016-12-22,644.5609
2016-12-23,641.8314
2016-12-26,605.9575
2016-12-27,603.2279
2016-12-28,602.4481
2016-12-29,600.3034
2016-12-30,591.9198
2017-01-03,577.2973
2017-01-04,582.9514
2017-01-05,587.4356
2017-01-06,597.3789
2017-01-09,619.6052
2017-01-10,657.8187
2017-01-11,650.02
2017-01-12,658.9885
2017-01-13,662.6929
2017-01-16,712.0195
2017-01-17,648.0703
2017-01-18,653.7244
2017-01-19,654.1143
2017-01-20,628.1837
2017-01-23,619.9951
2017-01-24,642.6113
2017-01-25,632.668
2017-01-26,662.6929
2017-02-03,615.7058
2017-02-06,596.0142
2017-02-07,610.2467
2017-02-08,612.1964
2017-02-09,597.7689
2017-02-10,618.6303
2017-02-13,648.2653
2017-02-14,655.0892
2017-02-15,645.5358
2017-02-16,643.5861
2017-02-17,660.7432
2017-02-20,685.8939
2017-02-21,676.9255
2017-02-22,649.825
2017-02-23,657.0388
2017-02-24,669.1268
2017-02-27,677.7053
2017-02-28,669.9067
2017-03-01,709.095
2017-03-02,705.9755
2017-03-03,704.2208
2017-03-06,697.397
2017-03-07,701.2963
2017-03-08,696.8121
2017-03-09,699.7366
2017-03-10,689.4034
2017-03-13,721.3779
2017-03-14,726.4471
2017-03-15,726.4471
2017-03-16,732.1011
2017-03-17,723.7175
2017-03-20,740.8746
2017-03-21,736.9753
2017-03-22,722.1578
2017-03-23,738.535
2017-03-24,737.9501
2017-03-27,718.8434
2017-03-28,723.1326
2017-03-29,746.7237
2017-03-30,743.6042
2017-03-31,741.0696
2017-04-05,772.8492
2017-04-06,776.2287
2017-04-07,756.5188
2017-04-10,753.6553
2017-04-11,732.7715
2017-04-12,689.5059
2017-04-13,690.139
2017-04-14,680.4306
2017-04-17,696.452
2017-04-18,675.3984
2017-04-19,650.9763
2017-04-20,676.03
2017-04-21,695.1888
2017-04-24,673.2931
2017-04-25,675.609
2017-04-26,661.2925
2017-04-27,673.2931
2017-04-28,685.9252
2017-05-02,685.7147
2017-05-03,662.5557
2017-05-04,628.6595
2017-05-05,622.1329
2017-05-08,630.9754
2017-05-09,642.9759
2017-05-10,662.1347
2017-05-11,649.5025
2017-05-12,634.765
2017-05-15,634.5545
2017-05-16,637.502
2017-05-17,652.66
2017-05-18,644.66
2017-05-19,661.92
2017-05-22,654.77
2017-05-23,665.71
2017-05-24,642.98
2017-05-25,648.24
2017-05-26,650.13
2017-05-31,600.66
2017-06-01,602.34
2017-06-02,585.71
2017-06-05,592.24
2017-06-06,595.61
2017-06-07,596.87
2017-06-08,598.55
2017-06-09,596.66
2017-06-12,611.82
2017-06-13,604.87
2017-06-14,638.98
2017-06-15,636.66
2017-06-16,648.87
2017-06-19,670.56
2017-06-20,668.87
2017-06-21,676.03
2017-06-22,682.77
2017-06-23,688.66
2017-06-26,688.03
2017-06-27,706.98
2017-06-28,712.24
2017-06-29,737.51
2017-06-30,737.72
2017-07-03,756.24
2017-07-04,741.72
2017-07-05,746.35
2017-07-06,750.98
2017-07-07,757.3
2017-07-10,770.98
2017-07-11,789.51
2017-07-12,779.61
2017-07-13,787.61
2017-07-14,774.77
2017-07-17,802.56
2017-07-18,801.09
2017-07-19,819.19
2017-07-20,807.4
2017-07-21,819.4
2017-07-24,799.19
2017-07-25,813.51
2017-07-26,815.83
2017-07-27,821.72
2017-07-28,824.46
2017-07-31,869.09
2017-08-01,864.46
2017-08-02,882.92
2017-08-03,866.91
2017-08-04,863.32
2017-08-07,876.13
2017-08-08,890.47
2017-08-09,918.07
2017-08-10,924.7
2017-08-11,927.05
2017-08-14,901.81
2017-08-15,907.37
2017-08-16,906.73
2017-08-17,964.28
2017-08-18,970.7
2017-08-21,990.17
2017-08-22,1008.78
2017-08-23,1006.22
2017-08-24,1026.11
2017-08-25,1058.85
2017-08-28,1059.49
2017-08-29,1021.62
2017-08-30,1021.19
2017-08-31,1003.44
2017-09-01,1001.72
2017-09-04,977.33
2017-09-05,986.32
2017-09-06,1001.3
2017-09-07,1016.49
2017-09-08,1027.83
2017-09-11,1033.17
2017-09-12,1056.07
2017-09-13,1039.38
2017-09-14,1016.06
2017-09-15,975.19
2017-09-18,935.18
2017-09-19,931.55
2017-09-20,940.11
2017-09-21,892.61
2017-09-22,869.5
2017-09-25,861.16
2017-09-26,853.88
2017-09-27,848.96
2017-09-28,802.32
2017-09-29,832.27
2017-10-09,806.17
2017-10-10,772.58
2017-10-11,766.16
2017-10-12,779
2017-10-13,808.95
2017-10-16,812.8
2017-10-17,778.36
2017-10-18,759.74
2017-10-19,721.87
2017-10-20,754.18
2017-10-23,722.3
2017-10-24,719.31
2017-10-25,736.85
2017-10-26,740.7
2017-10-27,737.92
2017-10-30,720.16
2017-10-31,714.81
2017-11-01,722.52
2017-11-02,747.12
2017-11-03,739.85
2017-11-06,766.16
2017-11-07,783.49
2017-11-08,799.11
2017-11-09,786.92
2017-11-10,781.57
2017-11-13,763.17
2017-11-14,788.41
2017-11-15,768.73
2017-11-16,775.15
2017-11-17,785.63
2017-11-20,815.59
2017-11-21,820.51
2017-11-22,853.03
2017-11-23,842.54
2017-11-24,864.15
2017-11-27,858.59
2017-11-28,857.52
2017-11-29,854.52
2017-11-30,879.77
2017-12-01,898.79
2017-12-04,900.71
2017-12-05,894.29
2017-12-06,898.61
2017-12-07,825.44
2017-12-08,848.87
2017-12-11,864.9
2017-12-12,867.78
2017-12-13,850.31
2017-12-14,821.33
2017-12-15,845.17
2017-12-18,887.72
2017-12-19,871.07
2017-12-20,855.24
2017-12-21,851.75
2017-12-22,870.66
2017-12-25,825.44
2017-12-26,833.46
2017-12-27,809.82
2017-12-28,814.55
2017-12-29,813.72
2018-01-02,828.11
2018-01-03,828.32
2018-01-04,859.15
2018-01-05,847.43
2018-01-08,858.94
2018-01-09,851.75
2018-01-10,832.43
2018-01-11,834.28
2018-01-12,826.67
2018-01-15,815.57
2018-01-16,805.5
2018-01-17,805.3
2018-01-18,808.38
2018-01-19,816.81
2018-01-22,820.712
2018-01-23,819.274
2018-01-24,822.357
2018-01-25,848.254
2018-01-26,839.005
2018-01-29,835.511
2018-01-30,827.289
2018-01-31,825.029
2018-02-01,821.946
2018-02-02,840.649
2018-02-05,872.919
2018-02-06,871.275
2018-02-07,886.073
2018-02-08,882.579
2018-02-09,865.52
2018-02-12,867.575
2018-02-13,867.986
2018-02-22,894.5
2018-02-23,912.999
2018-02-26,936.841
2018-02-27,934.58
2018-02-28,920.604
2018-03-01,928.414
2018-03-02,921.631
2018-03-05,894.911
2018-03-06,901.9
2018-03-07,884.223
2018-03-08,868.192
2018-03-09,836.539
2018-03-12,822.973
2018-03-13,817.218
2018-03-14,830.784
2018-03-15,821.74
2018-03-16,820.507
2018-03-19,799.542
2018-03-20,797.487
2018-03-21,804.475
2018-03-22,807.558
2018-03-23,761.312
2018-03-26,753.707
2018-03-27,756.79
2018-03-28,730.276
2018-03-29,731.098
2018-03-30,748.98
2018-04-02,759.668
2018-04-03,767.852
2018-04-04,773.2
2018-04-09,765.423
2018-04-10,770.389
2018-04-11,752.077
2018-04-12,746.045
2018-04-13,757.894
2018-04-16,752.292
2018-04-17,769.958
2018-04-18,797.533
2018-04-19,815.845
2018-04-20,792.794
2018-04-23,832.218
2018-04-24,835.234
2018-04-25,832.218
2018-04-26,825.54
2018-04-27,816.276
2018-05-02,856.778
2018-05-03,854.623
2018-05-04,858.716
2018-05-07,872.72
2018-05-08,871.212
2018-05-09,855.485
2018-05-10,861.302
2018-05-11,890.385
2018-05-14,897.925
2018-05-15,905.681
2018-05-16,912.359
2018-05-17,907.62
2018-05-18,899.649
2018-05-21,887.584
2018-05-22,870.996
2018-05-23,844.282
2018-05-24,858.286
2018-05-25,852.684
2018-05-28,859.794
2018-05-29,887.369
2018-05-30,882.414
2018-05-31,898.141
2018-06-01,896.633
2018-06-04,872.504
2018-06-05,881.121
2018-06-06,872.504
2018-06-07,895.34
2018-06-08,894.263
2018-06-11,892.755
2018-06-12,922.7
2018-06-13,916.883
2018-06-14,942.52
2018-06-15,946.182
2018-06-19,898.787
2018-06-20,914.944
2018-06-21,918.176
2018-06-22,909.559
2018-06-25,896.417
2018-06-26,872.72
2018-06-27,870.781
2018-06-28,887.369
2018-06-29,912.359
2018-07-02,872.72
2018-07-03,877.244
2018-07-04,881.121
2018-07-05,866.903
2018-07-06,866.257
2018-07-09,875.089
2018-07-10,872.935
2018-07-11,872.289
2018-07-12,891.678
2018-07-13,872.935
2018-07-16,862.379
2018-07-17,866.903
2018-07-18,861.948
2018-07-19,870.781
2018-07-20,885.215
2018-07-23,904.819
2018-07-24,913.006
2018-07-25,922.7
2018-07-26,920.546
2018-07-27,956.954
2018-07-30,978.928
2018-07-31,975.912
2018-08-01,992.285
2018-08-02,1011.83
2018-08-03,1051.115
2018-08-06,1078.067
2018-08-07,1082.362
2018-08-08,1070.028
2018-08-09,1079.279
2018-08-10,1066.283
2018-08-13,1093.596
2018-08-14,1085.446
2018-08-15,1096.9
2018-08-16,1129.939
2018-08-17,1184.564
2018-08-20,1175.753
2018-08-21,1132.362
2018-08-22,1149.762
2018-08-23,1103.287
2018-08-24,1120.688
2018-08-27,1108.794
2018-08-28,1139.63
2018-08-29,1136.326
2018-08-30,1078.398
2018-08-31,1068.706
2018-09-03,1041.174
2018-09-04,1048.883
2018-09-05,1048.883
2018-09-06,1062.759
2018-09-07,1035.006
2018-09-10,1061.217
2018-09-11,1002.408
2018-09-12,987.21
2018-09-13,992.496
2018-09-14,995.139
2018-09-17,1003.509
2018-09-18,1009.676
2018-09-19,1021.13
2018-09-20,1018.487
2018-09-21,1050.425
2018-09-25,1020.249
2018-09-26,1007.033
2018-09-27,992.716
2018-09-28,997.121
2018-10-08,1027.077
2018-10-09,1059.455
2018-10-10,1083.023
2018-10-11,1081.481
2018-10-12,1114.741
2018-10-15,1091.173
2018-10-16,1078.618
2018-10-17,1107.032
2018-10-18,1059.455
2018-10-19,1036.768
2018-10-22,1039.191
2018-10-23,1047.561
2018-10-24,1072.671
2018-10-25,1082.142
2018-10-26,1073.552
2018-10-29,1044.478
2018-10-30,1058.354
2018-10-31,1050.865
2018-11-01,1032.363
2018-11-02,1040.293
2018-11-05,1059.896
2018-11-06,1060.997
2018-11-07,1055.27
2018-11-08,1044.698
2018-11-09,1035.667
2018-11-12,1014.522
2018-11-13,1013.421
2018-11-14,1035.667
2018-11-15,1049.323
2018-11-16,1061.658
2018-11-19,1040.953
2018-11-20,1014.742
2018-11-21,1008.355
2018-11-22,998.223
2018-11-23,963.862
2018-11-26,931.704
2018-11-27,916.286
2018-11-28,935.228
2018-11-29,936.55
2018-11-30,940.514
2018-12-03,986.329
2018-12-04,1012.757
2018-12-05,1032.33
2018-12-06,1013.436
2018-12-07,1077.559
2018-12-10,1036.556
2018-12-11,1025.065
2018-12-12,1026.371
2018-12-13,1054.576
2018-12-14,1053.009
2018-12-17,1059.277
2018-12-18,1036.295
2018-12-19,1032.639
2018-12-20,1037.34
2018-12-21,1040.996
2018-12-24,1034.206
2018-12-25,986.413
2018-12-26,988.502
2018-12-27,986.674
2018-12-28,992.942
